Date,Close
2005/1/4,98.71
2005/1/5,98.38
2005/1/6,99.03
2005/1/7,99.19
2005/1/10,98.89
2005/1/11,99.21
2005/1/12,99.86
2005/1/13,99.65
2005/1/14,95.83
2005/1/17,99.37
2005/1/18,98.92
2005/1/19,99.15
2005/1/20,98.95
2005/1/21,99.34
2005/1/24,99.94
2005/1/25,99.58
2005/1/26,99.08
2005/1/27,99.5
2005/1/28,99.19
2005/1/31,98.77
2005/2/1,99.04
2005/2/2,98.98
2005/2/3,98.77
2005/2/4,99.15
2005/2/16,100.58
2005/2/17,100.62
2005/2/18,101.31
2005/2/21,101.61
2005/2/22,102.93
2005/2/23,102.92
2005/2/24,104.2
2005/2/25,103.48
2005/2/28,105.83
2005/3/1,105.63
2005/3/2,106.62
2005/3/3,106.63
2005/3/4,106.31
2005/3/7,107.2
2005/3/8,106.62
2005/3/9,107.76
2005/3/10,108.32
2005/3/11,108.35
2005/3/14,110.04
2005/3/15,111.86
2005/3/16,114.65
2005/3/17,114.38
2005/3/18,111.88
2005/3/21,111.37
2005/3/22,110.43
2005/3/23,109.18
2005/3/24,109.99
2005/3/25,110.99
2005/3/28,110.78
2005/3/29,111.25
2005/3/30,110.79
2005/3/31,112.19
2005/4/1,111.32
2005/4/4,111.08
2005/4/5,110.99
2005/4/6,111.65
2005/4/7,112.65
2005/4/8,111.36
2005/4/11,111.18
2005/4/12,111.66
2005/4/13,110.22
2005/4/14,109.28
2005/4/15,109.43
2005/4/18,109.29
2005/4/19,110.48
2005/4/20,112.28
2005/4/21,110.26
2005/4/22,111.15
2005/4/25,111.19
2005/4/26,110.88
2005/4/27,110.28
2005/4/28,110.34
2005/4/29,110.18
2005/5/9,110.85
2005/5/10,110.9
2005/5/11,110.37
2005/5/12,109.96
2005/5/13,108.12
2005/5/16,108.49
2005/5/17,107.88
2005/5/18,108.67
2005/5/19,108.55
2005/5/20,108.64
2005/5/23,109.37
2005/5/24,109.21
2005/5/25,109.13
2005/5/26,110.51
2005/5/27,111.16
2005/5/30,111.17
2005/5/31,110.94
2005/6/1,110.54
2005/6/2,111.29
2005/6/3,111.41
2005/6/6,114.42
2005/6/7,113.6
2005/6/8,112.78
2005/6/9,112.49
2005/6/10,113.49
2005/6/13,113.34
2005/6/14,112.92
2005/6/15,113.44
2005/6/16,113.82
2005/6/17,114.39
2005/6/20,116.42
2005/6/21,115.65
2005/6/22,116.13
2005/6/23,114.79
2005/6/24,115.74
2005/6/27,115.48
2005/6/28,113.64
2005/6/29,113.29
2005/6/30,112.92
2005/7/1,113.6
2005/7/4,114.24
2005/7/5,114.4
2005/7/6,115.14
2005/7/7,115.98
2005/7/8,116.36
2005/7/11,116.24
2005/7/12,117.07
2005/7/13,115.86
2005/7/14,116.54
2005/7/15,116.64
2005/7/18,116.6
2005/7/19,116.55
2005/7/20,115.42
2005/7/21,115.72
2005/7/22,115.2
2005/7/25,116.32
2005/7/26,116.8
2005/7/27,116.24
2005/7/28,116.86
2005/7/29,116.28
2005/8/1,115.28
2005/8/2,115.42
2005/8/3,115.55
2005/8/4,114.48
2005/8/5,114.69
2005/8/8,114.21
2005/8/9,113.93
2005/8/10,112.64
2005/8/11,113.7
2005/8/12,113.17
2005/8/15,113.06
2005/8/16,112.99
2005/8/17,112.4
2005/8/18,112.41
2005/8/19,112
2005/8/22,113.05
2005/8/23,113.77
2005/8/24,113.66
2005/8/25,113.49
2005/8/26,112.64
2005/8/29,113.88
2005/8/30,113.67
2005/8/31,115.06
2005/9/1,114.6
2005/9/2,115.63
2005/9/5,116.44
2005/9/6,116.43
2005/9/7,115.99
2005/9/8,116.51
2005/9/9,116.11
2005/9/12,114.96
2005/9/13,114.6
2005/9/14,114.73
2005/9/15,114.81
2005/9/16,114.15
2005/9/19,113.97
2005/9/20,114.86
2005/9/21,115.34
2005/9/22,116.46
2005/9/23,116.31
2005/9/26,115.96
2005/9/27,116.31
2005/9/28,116.76
2005/9/29,117.45
2005/9/30,117.02
2005/10/10,119.39
2005/10/11,119.6
2005/10/12,120.33
2005/10/13,120.99
2005/10/14,120.4
2005/10/17,121.39
2005/10/18,121.45
2005/10/19,120.22
2005/10/20,120.41
2005/10/21,118.05
2005/10/24,118.62
2005/10/25,118.16
2005/10/26,118.48
2005/10/27,118.05
2005/10/28,118.2
2005/10/31,117.66
2005/11/1,118.47
2005/11/2,118.5
2005/11/3,118.59
2005/11/4,118.55
2005/11/7,117.4
2005/11/8,117.31
2005/11/9,116.76
2005/11/10,116.91
2005/11/11,117.38
2005/11/14,117.67
2005/11/15,117.28
2005/11/16,117.2
2005/11/17,116.84
2005/11/18,115.88
2005/11/21,116.12
2005/11/22,116.65
2005/11/23,115.31
2005/11/24,115.51
2005/11/25,115.89
2005/11/28,113.72
2005/11/29,113.74
2005/11/30,114.76
2005/12/1,114.72
2005/12/2,116.15
2005/12/5,117.01
2005/12/6,117.49
2005/12/7,117.85
2005/12/8,117.97
2005/12/9,119.33
2005/12/12,121.45
2005/12/13,120.18
2005/12/14,120.95
2005/12/15,120.18
2005/12/16,120.6
2005/12/19,121.35
2005/12/20,121.42
2005/12/21,121.18
2005/12/22,122.46
2005/12/23,122.82
2005/12/26,124.16
2005/12/27,124.05
2005/12/28,124.23
2005/12/29,123.7
2005/12/30,123.49
2006/1/4,126.21
2006/1/5,126.34
2006/1/6,126.71
2006/1/9,126.32
2006/1/10,126.55
2006/1/11,126.08
2006/1/12,125.84
2006/1/13,125.67
2006/1/16,127.06
2006/1/17,126.47
2006/1/18,124.78
2006/1/19,125.98
2006/1/20,125.95
2006/1/23,126.73
2006/1/24,126.73
2006/1/25,127.84
2006/2/6,133.67
2006/2/7,135.33
2006/2/8,130.76
2006/2/9,132.59
2006/2/10,132.13
2006/2/13,130.73
2006/2/14,130.49
2006/2/15,130.89
2006/2/16,129.21
2006/2/17,129.47
2006/2/20,129.79
2006/2/21,130.05
2006/2/22,129.9
2006/2/23,128.28
2006/2/24,129.21
2006/2/27,127.54
2006/2/28,127.36
2006/3/1,127.38
2006/3/2,128.53
2006/3/3,129.63
2006/3/6,129.01
2006/3/7,128.63
2006/3/8,127.79
2006/3/9,128.25
2006/3/10,127.02
2006/3/13,127.58
2006/3/14,127.27
2006/3/15,127.51
2006/3/16,126.91
2006/3/17,126.97
2006/3/20,128.56
2006/3/21,127.97
2006/3/22,127.97
2006/3/23,128.27
2006/3/24,128.74
2006/3/27,129.31
2006/3/28,129.13
2006/3/29,128.82
2006/3/30,129.18
2006/3/31,130.1
2006/4/3,129.05
2006/4/4,129.82
2006/4/5,129.53
2006/4/6,130.63
2006/4/7,130.72
2006/4/10,130.92
2006/4/11,131.78
2006/4/12,131.76
2006/4/13,131.7
2006/4/14,132.92
2006/4/17,135.17
2006/4/18,134.87
2006/4/19,136.51
2006/4/20,136.15
2006/4/21,133.87
2006/4/24,136.79
2006/4/25,137.4
2006/4/26,138.95
2006/4/27,140.93
2006/4/28,140.21
2006/5/8,142.36
2006/5/9,145.48
2006/5/10,147.91
2006/5/11,151.13
2006/5/12,152.79
2006/5/15,154.91
2006/5/16,150.12
2006/5/17,152.04
2006/5/18,149.39
2006/5/19,148.3
2006/5/22,145.57
2006/5/23,145.07
2006/5/24,147.87
2006/5/25,147.01
2006/5/26,148.3
2006/5/29,150.38
2006/5/30,150.32
2006/5/31,147.5
2006/6/1,143.86
2006/6/2,144.65
2006/6/5,147.36
2006/6/6,145.33
2006/6/7,143.84
2006/6/8,143.96
2006/6/9,142.18
2006/6/12,140.52
2006/6/13,137.17
2006/6/14,134.55
2006/6/15,135.47
2006/6/16,136.51
2006/6/19,134.41
2006/6/20,134.7
2006/6/21,135.24
2006/6/22,136.98
2006/6/23,134.7
2006/6/26,134.3
2006/6/27,135.92
2006/6/28,134.39
2006/6/29,134.52
2006/6/30,137.29
2006/7/3,139.79
2006/7/4,139.48
2006/7/5,139.76
2006/7/6,138.9
2006/7/7,141.3
2006/7/10,140.64
2006/7/11,142.1
2006/7/12,143.05
2006/7/13,141.25
2006/7/14,140.74
2006/7/17,141.35
2006/7/18,138.83
2006/7/19,136.45
2006/7/20,136.82
2006/7/21,134.87
2006/7/24,134.23
2006/7/25,135.32
2006/7/26,134
2006/7/27,134.53
2006/7/28,134.91
2006/7/31,137.52
2006/8/1,137.33
2006/8/2,137.13
2006/8/3,138.67
2006/8/4,137.45
2006/8/7,137.76
2006/8/8,136.7
2006/8/9,136.22
2006/8/10,138.28
2006/8/11,137.85
2006/8/14,135.66
2006/8/15,135.44
2006/8/16,135.5
2006/8/17,135.96
2006/8/18,135.69
2006/8/21,135.46
2006/8/22,136.17
2006/8/23,136.02
2006/8/24,136.05
2006/8/25,135.68
2006/8/28,135.56
2006/8/29,135.1
2006/8/30,134.16
2006/8/31,134.48
2006/9/1,136.66
2006/9/4,136.68
2006/9/5,136.73
2006/9/6,139.35
2006/9/7,139.1
2006/9/8,138.81
2006/9/11,136.51
2006/9/12,135.89
2006/9/13,135.38
2006/9/14,137.57
2006/9/15,136.37
2006/9/18,137.42
2006/9/19,137.64
2006/9/20,136.01
2006/9/21,136.36
2006/9/22,137.19
2006/9/25,136.01
2006/9/26,136
2006/9/27,136.86
2006/9/28,137.05
2006/9/29,138.01
2006/10/9,137.91
2006/10/10,138.4
2006/10/11,137.47
2006/10/12,138.01
2006/10/13,138.67
2006/10/16,139.82
2006/10/17,142.34
2006/10/18,140.77
2006/10/19,141.81
2006/10/20,141.95
2006/10/23,141.57
2006/10/24,141
2006/10/25,141.21
2006/10/26,141.72
2006/10/27,141.9
2006/10/30,141.68
2006/10/31,140.07
2006/11/1,140.62
2006/11/2,140.19
2006/11/3,139.96
2006/11/6,141.08
2006/11/7,141.49
2006/11/8,141.73
2006/11/9,140.97
2006/11/10,141.12
2006/11/13,140.04
2006/11/14,138.48
2006/11/15,138.43
2006/11/16,140.37
2006/11/17,139.26
2006/11/20,141.19
2006/11/21,139.98
2006/11/22,142.02
2006/11/23,141.43
2006/11/24,142.61
2006/11/27,144.44
2006/11/28,143.6
2006/11/29,141.84
2006/11/30,142.36
2006/12/1,141.3
2006/12/4,141.28
2006/12/5,140.32
2006/12/6,140.27
2006/12/7,139.95
2006/12/8,140.11
2006/12/11,140.33
2006/12/12,141.13
2006/12/13,140.34
2006/12/14,140.61
2006/12/15,140.41
2006/12/18,139.89
2006/12/19,139.67
2006/12/20,140.17
2006/12/21,139.61
2006/12/22,138.95
2006/12/25,140.43
2006/12/26,141.08
2006/12/27,140.65
2006/12/28,141.71
2006/12/29,141.54
2007/1/4,136.63
2007/1/5,135.88
2007/1/8,133.99
2007/1/9,134.77
2007/1/10,136.17
2007/1/11,136.42
2007/1/12,135.36
2007/1/15,138.28
2007/1/16,136.2
2007/1/17,136.69
2007/1/18,137.37
2007/1/19,135.18
2007/1/22,135.91
2007/1/23,136.32
2007/1/24,137.45
2007/1/25,137.87
2007/1/26,137.08
2007/1/29,138.28
2007/1/30,136.3
2007/1/31,137.62
2007/2/1,138.25
2007/2/2,137.61
2007/2/5,136.94
2007/2/6,137.53
2007/2/7,138.11
2007/2/8,137.18
2007/2/9,138.21
2007/2/12,138.57
2007/2/13,138.04
2007/2/14,139.52
2007/2/15,139.59
2007/2/16,140.76
2007/2/26,143.88
2007/2/27,142.93
2007/2/28,142.48
2007/3/1,141.98
2007/3/2,141.9
2007/3/5,139.77
2007/3/6,141.32
2007/3/7,141.05
2007/3/8,141.98
2007/3/9,141.33
2007/3/12,141.7
2007/3/13,142.14
2007/3/14,141.36
2007/3/15,142.15
2007/3/16,143
2007/3/19,142.83
2007/3/20,143.62
2007/3/21,143.09
2007/3/22,143.33
2007/3/23,144.05
2007/3/26,144.17
2007/3/27,143.92
2007/3/28,143.96
2007/3/29,143.67
2007/3/30,145.09
2007/4/2,144.56
2007/4/3,145.52
2007/4/4,146.47
2007/4/5,146.4
2007/4/6,147.32
2007/4/9,149.48
2007/4/10,149.52
2007/4/11,149.19
2007/4/12,150.37
2007/4/13,148.83
2007/4/16,150.07
2007/4/17,149.16
2007/4/18,150.24
2007/4/19,148.3
2007/4/20,148.19
2007/4/23,147.68
2007/4/24,148.18
2007/4/25,146.72
2007/4/26,147.79
2007/4/27,145.97
2007/4/30,147.52
2007/5/8,149.13
2007/5/9,149.53
2007/5/10,148.92
2007/5/11,146.94
2007/5/14,147.78
2007/5/15,145.77
2007/5/16,147.05
2007/5/17,144.95
2007/5/18,143.87
2007/5/21,146.43
2007/5/22,146.2
2007/5/23,145.07
2007/5/24,145.89
2007/5/25,144.94
2007/5/28,146.16
2007/5/29,145.11
2007/5/30,143.83
2007/5/31,145.53
2007/6/1,145.9
2007/6/4,145.79
2007/6/5,147.42
2007/6/6,147.2
2007/6/7,146.06
2007/6/8,144.88
2007/6/11,144.52
2007/6/12,143.5
2007/6/13,142.96
2007/6/14,142.93
2007/6/15,142.8
2007/6/18,144.61
2007/6/19,143.62
2007/6/20,143.15
2007/6/21,143.39
2007/6/22,142.78
2007/6/25,142.03
2007/6/26,141.08
2007/6/27,139.35
2007/6/28,140.43
2007/6/29,141.16
2007/7/2,142.48
2007/7/3,143.81
2007/7/4,142.68
2007/7/5,143.23
2007/7/6,143.05
2007/7/9,143.73
2007/7/10,142.94
2007/7/11,142.84
2007/7/12,143.95
2007/7/13,143.42
2007/7/16,143.79
2007/7/17,142.89
2007/7/18,142.83
2007/7/19,143.43
2007/7/20,145.66
2007/7/23,146.21
2007/7/24,144.63
2007/7/25,144.81
2007/7/26,145.63
2007/7/27,144.75
2007/7/30,146.13
2007/7/31,147.26
2007/8/1,146.09
2007/8/2,146.71
2007/8/3,147.53
2007/8/6,146.69
2007/8/7,146.17
2007/8/8,146.49
2007/8/9,147.17
2007/8/10,146.37
2007/8/13,147.82
2007/8/14,147.55
2007/8/15,146.77
2007/8/16,145.61
2007/8/17,142.6
2007/8/20,144.89
2007/8/21,145.28
2007/8/22,145.3
2007/8/23,147.04
2007/8/24,146.48
2007/8/27,147.15
2007/8/28,147.65
2007/8/29,147.07
2007/8/30,148.75
2007/8/31,150.03
2007/9/3,150.02
2007/9/4,150.02
2007/9/5,150.33
2007/9/6,150.4
2007/9/7,150.84
2007/9/10,151.58
2007/9/11,151.81
2007/9/12,152.7
2007/9/13,152.62
2007/9/14,152.9
2007/9/17,154.46
2007/9/18,155.29
2007/9/19,154.99
2007/9/20,154.93
2007/9/21,154.94
2007/9/24,154.78
2007/9/25,155.19
2007/9/26,155.53
2007/9/27,155.9
2007/9/28,156.48
2007/10/8,155
2007/10/9,154.71
2007/10/10,156.23
2007/10/11,156.09
2007/10/12,156.44
2007/10/15,157.77
2007/10/16,158.15
2007/10/17,156.74
2007/10/18,157.05
2007/10/19,157.31
2007/10/22,154.96
2007/10/23,155.78
2007/10/24,154.8
2007/10/25,153.8
2007/10/26,155.99
2007/10/29,158.4
2007/10/30,156.99
2007/10/31,156.52
2007/11/1,157.12
2007/11/2,156.12
2007/11/5,156.41
2007/11/6,157.9
2007/11/7,158.38
2007/11/8,157.41
2007/11/9,158.01
2007/11/12,156.05
2007/11/13,155.8
2007/11/14,156.73
2007/11/15,156.17
2007/11/16,154.53
2007/11/19,154.46
2007/11/20,151.23
2007/11/21,150.84
2007/11/22,152.73
2007/11/23,154.15
2007/11/26,154.07
2007/11/27,153.17
2007/11/28,152.37
2007/11/29,153.65
2007/11/30,152.57
2007/12/3,152.28
2007/12/4,151.33
2007/12/5,152.7
2007/12/6,151.28
2007/12/7,152.73
2007/12/10,153.91
2007/12/11,154.15
2007/12/12,152.27
2007/12/13,153.64
2007/12/14,153.48
2007/12/17,154.03
2007/12/18,152.03
2007/12/19,152.8
2007/12/20,153.52
2007/12/21,154.32
2007/12/24,156.45
2007/12/25,155.59
2007/12/26,157.31
2007/12/27,156.24
2007/12/28,156.05
2008/1/2,155.72
2008/1/3,157.32
2008/1/4,159.37
2008/1/7,158.85
2008/1/8,159.02
2008/1/9,160.84
2008/1/10,159.48
2008/1/11,161.19
2008/1/14,162.03
2008/1/15,160.38
2008/1/16,157.93
2008/1/17,159.07
2008/1/18,157.04
2008/1/21,157.61
2008/1/22,153.7
2008/1/23,154.88
2008/1/24,155.18
2008/1/25,156.57
2008/1/28,155.78
2008/1/29,157.9
2008/1/30,157.82
2008/1/31,158.56
2008/2/1,159.76
2008/2/4,161.24
2008/2/5,162.25
2008/2/13,162.92
2008/2/14,164.8
2008/2/15,165.34
2008/2/18,168.57
2008/2/19,168.75
2008/2/20,168.72
2008/2/21,171.8
2008/2/22,171.72
2008/2/25,174.77
2008/2/26,171.07
2008/2/27,172.98
2008/2/28,173.98
2008/2/29,176.15
2008/3/3,180.31
2008/3/4,178.23
2008/3/5,175.72
2008/3/6,177.26
2008/3/7,174.66
2008/3/10,171.04
2008/3/11,172.32
2008/3/12,168.5
2008/3/13,169.48
2008/3/14,170.23
2008/3/17,168.59
2008/3/18,162.76
2008/3/19,162.93
2008/3/20,159.83
2008/3/21,160.31
2008/3/24,161.01
2008/3/25,163.37
2008/3/26,163.3
2008/3/27,162.76
2008/3/28,162.66
2008/3/31,163.19
2008/4/1,157.58
2008/4/2,158.47
2008/4/3,159.41
2008/4/7,161.39
2008/4/8,159.77
2008/4/9,160.6
2008/4/10,161.84
2008/4/11,160.88
2008/4/14,161.65
2008/4/15,163.4
2008/4/16,162.94
2008/4/17,162.94
2008/4/18,163.01
2008/4/21,160.57
2008/4/22,160.07
2008/4/23,161.84
2008/4/24,162.25
2008/4/25,160.81
2008/4/28,162.95
2008/4/29,161.58
2008/4/30,161.7
2008/5/5,162.17
2008/5/6,163.56
2008/5/7,161.86
2008/5/8,162.46
2008/5/9,162.88
2008/5/12,164.65
2008/5/13,164.75
2008/5/14,165.01
2008/5/15,164.22
2008/5/16,165.96
2008/5/19,165.07
2008/5/20,165.03
2008/5/21,163.75
2008/5/22,165.2
2008/5/23,164.79
2008/5/26,166.61
2008/5/27,166.89
2008/5/28,166.5
2008/5/29,165.42
2008/5/30,163.04
2008/6/2,163.14
2008/6/3,164.48
2008/6/4,163.31
2008/6/5,163.93
2008/6/6,166.36
2008/6/10,167.19
2008/6/11,167.55
2008/6/12,168.63
2008/6/13,169.05
2008/6/16,170.85
2008/6/17,170.47
2008/6/18,171.08
2008/6/19,171.13
2008/6/20,170.14
2008/6/23,170.54
2008/6/24,169.61
2008/6/25,170.75
2008/6/26,170.91
2008/6/27,172.14
2008/6/30,172.85
2008/7/1,172.86
2008/7/2,174.27
2008/7/3,172.28
2008/7/4,172.46
2008/7/7,171.06
2008/7/8,169.24
2008/7/9,168.76
2008/7/10,168.37
2008/7/11,171.2
2008/7/14,169.98
2008/7/15,170.1
2008/7/16,168.74
2008/7/17,169.23
2008/7/18,167.75
2008/7/21,165.11
2008/7/22,164.83
2008/7/23,162.64
2008/7/24,162.91
2008/7/25,163.03
2008/7/28,163.44
2008/7/29,161.32
2008/7/30,161.47
2008/7/31,162.35
2008/8/1,159.88
2008/8/4,156.72
2008/8/5,151.96
2008/8/6,152.92
2008/8/7,152.73
2008/8/8,151.47
2008/8/11,147.4
2008/8/12,147.65
2008/8/13,150.44
2008/8/14,151.47
2008/8/15,147.29
2008/8/18,151.39
2008/8/19,149.53
2008/8/20,152.55
2008/8/21,153.35
2008/8/22,154.22
2008/8/25,154.27
2008/8/26,151.92
2008/8/27,153.7
2008/8/28,153.02
2008/8/29,152.92
2008/9/1,153.21
2008/9/2,149.93
2008/9/3,150.15
2008/9/4,149.94
2008/9/5,148.24
2008/9/8,146.69
2008/9/9,144.59
2008/9/10,144.78
2008/9/11,144.3
2008/9/12,146.12
2008/9/16,140.21
2008/9/17,139.65
2008/9/18,137.67
2008/9/19,138.69
2008/9/22,142.53
2008/9/23,141.83
2008/9/24,141.2
2008/9/25,140.9
2008/9/26,140.38
2008/10/6,133.98
2008/10/7,129.33
2008/10/8,124.65
2008/10/9,124.59
2008/10/10,119.4
2008/10/13,118.49
2008/10/14,119.65
2008/10/15,117.44
2008/10/16,112.9
2008/10/17,114.72
2008/10/20,118.29
2008/10/21,114.72
2008/10/22,112.22
2008/10/23,111.33
2008/10/24,110.18
2008/10/27,108.44
2008/10/28,110.9
2008/10/29,110.28
2008/10/30,112.53
2008/10/31,110.24
2008/11/3,111.54
2008/11/4,109.65
2008/11/5,110.29
2008/11/6,108.05
2008/11/7,107.92
2008/11/10,109.76
2008/11/11,106.85
2008/11/12,106.44
2008/11/13,105.35
2008/11/14,106.51
2008/11/17,106.33
2008/11/18,106.11
2008/11/19,107.21
2008/11/20,105.13
2008/11/21,103.46
2008/11/24,103.08
2008/11/25,103.87
2008/11/26,104.19
2008/11/27,103.95
2008/11/28,102.8
2008/12/1,102.63
2008/12/2,100.23
2008/12/3,99.73
2008/12/4,97.65
2008/12/5,94.57
2008/12/8,96.53
2008/12/9,94.63
2008/12/10,96.82
2008/12/11,96.58
2008/12/12,95.63
2008/12/15,98.36
2008/12/16,97.02
2008/12/17,97.41
2008/12/18,96.32
2008/12/19,96.96
2008/12/22,99.14
2008/12/23,98.21
2008/12/24,99.15
2008/12/25,99.02
2008/12/26,98.77
2008/12/29,100.56
2008/12/30,100.16
2008/12/31,101.21
2009/1/5,103.74
2009/1/6,106.63
2009/1/7,107.13
2009/1/8,105.84
2009/1/9,107.76
2009/1/12,109.41
2009/1/13,106.28
2009/1/14,109.07
2009/1/15,107.11
2009/1/16,108.93
2009/1/19,109.42
2009/1/20,108.41
2009/1/21,107.73
2009/1/22,106.94
2009/1/23,106.95
2009/2/2,106.32
2009/2/3,108.95
2009/2/4,110.02
2009/2/5,109.95
2009/2/6,112.65
2009/2/9,114.91
2009/2/10,114.87
2009/2/11,111.73
2009/2/12,113.25
2009/2/13,113.96
2009/2/16,112
2009/2/17,112.47
2009/2/18,109.41
2009/2/19,109.01
2009/2/20,109.43
2009/2/23,111.47
2009/2/24,109.83
2009/2/25,111.27
2009/2/26,111.51
2009/2/27,110.68
2009/3/2,110.41
2009/3/3,110.28
2009/3/4,112
2009/3/5,112.14
2009/3/6,112.73
2009/3/9,111.56
2009/3/10,112.4
2009/3/11,112.08
2009/3/12,112.1
2009/3/13,112.56
2009/3/16,114.15
2009/3/17,114.95
2009/3/18,114.99
2009/3/19,116.49
2009/3/20,118.83
2009/3/23,121.78
2009/3/24,119.99
2009/3/25,119.08
2009/3/26,121.24
2009/3/27,119.69
2009/3/30,119.29
2009/3/31,119.92
2009/4/1,120.03
2009/4/2,121.76
2009/4/3,121.84
2009/4/7,124.79
2009/4/8,122.68
2009/4/9,125.27
2009/4/10,127.86
2009/4/13,129.68
2009/4/14,128.07
2009/4/15,129.47
2009/4/16,131.16
2009/4/17,130.11
2009/4/20,128.74
2009/4/21,125.76
2009/4/22,125.03
2009/4/23,125.95
2009/4/24,123.54
2009/4/27,122
2009/4/28,121.59
2009/4/29,123.42
2009/4/30,125.44
2009/5/4,129.4
2009/5/5,128.11
2009/5/6,129.77
2009/5/7,129.97
2009/5/8,131.21
2009/5/11,127.63
2009/5/12,128.53
2009/5/13,129.99
2009/5/14,127.12
2009/5/15,127.87
2009/5/18,126.25
2009/5/19,128.69
2009/5/20,128.07
2009/5/21,127.4
2009/5/22,128.21
2009/5/25,128.78
2009/5/26,127.83
2009/5/27,128.92
2009/6/1,132.95
2009/6/2,133.34
2009/6/3,134.9
2009/6/4,133.19
2009/6/5,135.76
2009/6/8,134.26
2009/6/9,135.03
2009/6/10,135.58
2009/6/11,135.32
2009/6/12,134.53
2009/6/15,132.33
2009/6/16,132.18
2009/6/17,132.37
2009/6/18,131.82
2009/6/19,131.92
2009/6/22,130.25
2009/6/23,130.17
2009/6/24,130.84
2009/6/25,131.63
2009/6/26,133.35
2009/6/29,132.55
2009/6/30,133.71
2009/7/1,133.64
2009/7/2,132.99
2009/7/3,132.13
2009/7/6,130.74
2009/7/7,131.48
2009/7/8,129.76
2009/7/9,130.48
2009/7/10,130.62
2009/7/13,129.33
2009/7/14,130.53
2009/7/15,132.94
2009/7/16,132.96
2009/7/17,133.49
2009/7/20,136.43
2009/7/21,135.24
2009/7/22,135.26
2009/7/23,135.78
2009/7/24,136.33
2009/7/27,137.82
2009/7/28,138.36
2009/7/29,135.76
2009/7/30,136.59
2009/7/31,140.56
2009/8/3,144.51
2009/8/4,145.2
2009/8/5,145.64
2009/8/6,145.25
2009/8/7,143.34
2009/8/10,147.48
2009/8/11,148.53
2009/8/12,147.74
2009/8/13,151.43
2009/8/14,150.25
2009/8/17,145.54
2009/8/18,146.47
2009/8/19,142.96
2009/8/20,145.21
2009/8/21,143.71
2009/8/24,148.47
2009/8/25,147.98
2009/8/26,148.75
2009/8/27,148.5
2009/8/28,150.47
2009/8/31,146.95
2009/9/1,146.65
2009/9/2,143.03
2009/9/3,145.43
2009/9/4,145.93
2009/9/7,145.18
2009/9/8,146.69
2009/9/9,146.85
2009/9/10,147.02
2009/9/11,145.75
2009/9/14,142.71
2009/9/15,143.79
2009/9/16,145.29
2009/9/17,146.64
2009/9/18,145.15
2009/9/21,145.35
2009/9/22,144.95
2009/9/23,143.62
2009/9/24,143.13
2009/9/25,142
2009/9/28,139.55
2009/9/29,140.99
2009/9/30,143.31
2009/10/9,145.26
2009/10/12,146.32
2009/10/13,146.33
2009/10/14,147.09
2009/10/15,145.97
2009/10/16,146.87
2009/10/19,148.52
2009/10/20,149.13
2009/10/21,148.36
2009/10/22,148.82
2009/10/23,150.94
2009/10/26,152.26
2009/10/27,150.93
2009/10/28,150.83
2009/10/29,148.81
2009/10/30,150.62
2009/11/2,150.26
2009/11/3,150.49
2009/11/4,151.29
2009/11/5,150.56
2009/11/6,151.32
2009/11/9,151.97
2009/11/10,151.13
2009/11/11,151.74
2009/11/12,152.81
2009/11/13,153.17
2009/11/16,155.43
2009/11/17,155.87
2009/11/18,157.67
2009/11/19,157.63
2009/11/20,158.34
2009/11/23,161.79
2009/11/24,159.26
2009/11/25,161.28
2009/11/26,161.73
2009/11/27,157.92
2009/11/30,161.4
2009/12/1,161.59
2009/12/2,163.18
2009/12/3,164.25
2009/12/4,164.68
2009/12/7,165.53
2009/12/8,165.9
2009/12/9,163.09
2009/12/10,162
2009/12/11,162.92
2009/12/14,163.64
2009/12/15,164.28
2009/12/16,165.43
2009/12/17,165.65
2009/12/18,165.14
2009/12/21,165.3
2009/12/22,164.29
2009/12/23,164.96
2009/12/24,167.78
2009/12/25,168.48
2009/12/28,170.54
2009/12/29,170.69
2009/12/30,171.2
2009/12/31,173.58
2010/1/4,174.86
2010/1/5,175.98
2010/1/6,177.68
2010/1/7,174.82
2010/1/8,173.25
2010/1/11,176.07
2010/1/12,174.9
2010/1/13,170.18
2010/1/14,171.82
2010/1/15,170.69
2010/1/18,171.15
2010/1/19,172.17
2010/1/20,170.75
2010/1/21,171.86
2010/1/22,169.14
2010/1/25,169.52
2010/1/26,167.93
2010/1/27,168.24
2010/1/28,164.89
2010/1/29,162.88
2010/2/1,161.46
2010/2/2,160.92
2010/2/3,164.08
2010/2/4,161.67
2010/2/5,159.52
2010/2/8,160.63
2010/2/9,161.51
2010/2/10,163.51
2010/2/11,164.89
2010/2/12,166.41
2010/2/22,168.94
2010/2/23,169.76
2010/2/24,168.78
2010/2/25,167.83
2010/2/26,168.08
2010/3/1,170.33
2010/3/2,167.99
2010/3/3,168.9
2010/3/4,167.71
2010/3/5,168.87
2010/3/8,170.48
2010/3/9,170.22
2010/3/10,170.21
2010/3/11,168.19
2010/3/12,168.15
2010/3/15,166.35
2010/3/16,167.78
2010/3/17,169.46
2010/3/18,168.7
2010/3/19,170.13
2010/3/22,169.64
2010/3/23,169.06
2010/3/24,168.7
2010/3/25,169.16
2010/3/26,170.11
2010/3/29,171.83
2010/3/30,171.68
2010/3/31,171
2010/4/1,171.45
2010/4/2,172.69
2010/4/6,173.45
2010/4/7,173.92
2010/4/8,172.68
2010/4/9,173.85
2010/4/12,174.46
2010/4/13,174.08
2010/4/14,174.31
2010/4/15,174.11
2010/4/16,174.23
2010/4/19,170.67
2010/4/20,172.13
2010/4/21,172.25
2010/4/22,171.91
2010/4/23,172.2
2010/4/26,172.74
2010/4/27,171.38
2010/4/28,168.86
2010/4/29,168.83
2010/4/30,169.57
2010/5/4,168.51
2010/5/5,167.55
2010/5/6,166.08
2010/5/7,163.24
2010/5/10,165.79
2010/5/11,164.24
2010/5/12,164.7
2010/5/13,165.26
2010/5/14,163.84
2010/5/17,159.13
2010/5/18,160.21
2010/5/19,159.5
2010/5/20,160.46
2010/5/21,160.14
2010/5/24,162.32
2010/5/25,160.16
2010/5/26,161.55
2010/5/27,162.22
2010/5/28,162.33
2010/5/31,161.04
2010/6/1,159.88
2010/6/2,159.23
2010/6/3,159.54
2010/6/4,158.76
2010/6/7,154.01
2010/6/8,154.43
2010/6/9,155.81
2010/6/10,155.6
2010/6/11,156.55
2010/6/17,157.13
2010/6/18,156.52
2010/6/21,160.28
2010/6/22,159.12
2010/6/23,159.12
2010/6/24,159.75
2010/6/25,159.19
2010/6/28,159.76
2010/6/29,157.79
2010/6/30,157.01
2010/7/1,155.99
2010/7/2,157.35
2010/7/5,157.62
2010/7/6,157.48
2010/7/7,157.28
2010/7/8,158.39
2010/7/9,159.22
2010/7/12,158.42
2010/7/13,157.45
2010/7/14,158.3
2010/7/15,158.22
2010/7/16,159.44
2010/7/19,159.17
2010/7/20,160.32
2010/7/21,160.33
2010/7/22,160.94
2010/7/23,163.03
2010/7/26,163.58
2010/7/27,162.17
2010/7/28,163.87
2010/7/29,164.47
2010/7/30,165.21
2010/8/2,168.26
2010/8/3,167.9
2010/8/4,168.46
2010/8/5,167.71
2010/8/6,169.47
2010/8/9,171.23
2010/8/10,169.71
2010/8/11,169.08
2010/8/12,168.1
2010/8/13,170.58
2010/8/16,171.09
2010/8/17,171.4
2010/8/18,171
2010/8/19,171.57
2010/8/20,168.63
2010/8/23,168.39
2010/8/24,167.49
2010/8/25,167.53
2010/8/26,168.99
2010/8/27,169.95
2010/8/30,172.4
2010/8/31,170.3
2010/9/1,171.88
2010/9/2,172.84
2010/9/3,173.35
2010/9/6,175.67
2010/9/7,175.66
2010/9/8,175.57
2010/9/9,172.32
2010/9/10,173.81
2010/9/13,174.59
2010/9/14,173.6
2010/9/15,173.85
2010/9/16,173.59
2010/9/17,174.96
2010/9/20,177.49
2010/9/21,176.49
2010/9/27,178.3
2010/9/28,178.8
2010/9/29,177.81
2010/9/30,178.25
2010/10/8,178.98
2010/10/11,185.72
2010/10/12,184.56
2010/10/13,186.55
2010/10/14,188.54
2010/10/15,189.32
2010/10/18,187.28
2010/10/19,188.67
2010/10/20,188.07
2010/10/21,189.23
2010/10/22,190.23
2010/10/25,195.18
2010/10/26,194.33
2010/10/27,191.52
2010/10/28,193.59
2010/10/29,189.82
2010/11/1,193.09
2010/11/2,193
2010/11/3,194.13
2010/11/4,197.31
2010/11/5,203.73
2010/11/8,204.38
2010/11/9,208.19
2010/11/10,207.49
2010/11/11,207.85
2010/11/12,199.96
2010/11/15,196.47
2010/11/16,195.33
2010/11/17,189.16
2010/11/18,191.91
2010/11/19,193.92
2010/11/22,191.17
2010/11/23,188.32
2010/11/24,191.29
2010/11/25,190.28
2010/11/26,188.17
2010/11/29,189.72
2010/11/30,189.91
2010/12/1,191.69
2010/12/2,194.21
2010/12/3,195.02
2010/12/6,196.07
2010/12/7,197.6
2010/12/8,193.84
2010/12/9,196.06
2010/12/10,196.91
2010/12/13,200.09
2010/12/14,201.08
2010/12/15,198.84
2010/12/16,199.06
2010/12/17,200.79
2010/12/20,201.78
2010/12/21,203.4
2010/12/22,202.28
2010/12/23,204.16
2010/12/24,204.98
2010/12/27,204.57
2010/12/28,205.4
2010/12/29,204.9
2010/12/30,206.67
2010/12/31,206.92
2011/1/4,208.37
2011/1/5,206.72
2011/1/6,209.19
2011/1/7,204.05
2011/1/10,205.02
2011/1/11,206.11
2011/1/12,206.85
2011/1/13,207.8
2011/1/14,208.62
2011/1/17,208.18
2011/1/18,208.56
2011/1/19,210.7
2011/1/20,209.08
2011/1/21,209.51
2011/1/24,211.54
2011/1/25,208.83
2011/1/26,207.73
2011/1/27,209.8
2011/1/28,205.4
2011/1/31,212.6
2011/2/1,215.27
2011/2/9,216.46
2011/2/10,218.57
2011/2/11,218.09
2011/2/14,218.52
2011/2/15,217.47
2011/2/16,216.58
2011/2/17,214.53
2011/2/18,213.23
2011/2/21,213.81
2011/2/22,212.78
2011/2/23,208.84
2011/2/24,206.67
2011/2/25,208.34
2011/2/28,205.4
2011/3/1,211.06
2011/3/2,212.13
2011/3/3,210.73
2011/3/4,211.4
2011/3/7,211.71
2011/3/8,206.39
2011/3/9,207.21
2011/3/10,203.75
2011/3/11,202.31
2011/3/14,201.43
2011/3/15,201.28
2011/3/16,202.44
2011/3/17,202.03
2011/3/18,204.6
2011/3/21,204.24
2011/3/22,204.32
2011/3/23,206.74
2011/3/24,205.63
2011/3/25,206.53
2011/3/28,204.28
2011/3/29,204.34
2011/3/30,204.72
2011/3/31,204.28
2011/4/1,204.13
2011/4/6,206.67
2011/4/7,206.66
2011/4/8,209.04
2011/4/11,210.03
2011/4/12,207.77
2011/4/13,207.6
2011/4/14,205.02
2011/4/15,203.69
2011/4/18,203.88
2011/4/19,201.27
2011/4/20,203.63
2011/4/21,204.05
2011/4/22,204.63
2011/4/25,203.35
2011/4/26,201.8
2011/4/27,200.96
2011/4/28,202.46
2011/4/29,199.99
2011/5/3,200.7
2011/5/4,198.67
2011/5/5,196.72
2011/5/6,193.9
2011/5/9,195.68
2011/5/10,196.3
2011/5/11,195.97
2011/5/12,192.23
2011/5/13,196.81
2011/5/16,195.66
2011/5/17,195.94
2011/5/18,196.18
2011/5/19,196.95
2011/5/20,196.83
2011/5/23,195.64
2011/5/24,197.1
2011/5/25,197.77
2011/5/26,199.73
2011/5/27,200.33
2011/5/30,200.51
2011/5/31,200.78
2011/6/1,200.24
2011/6/2,200.07
2011/6/3,202.27
2011/6/7,201.44
2011/6/8,200.59
2011/6/9,200.27
2011/6/10,200.29
2011/6/13,199.48
2011/6/14,199.66
2011/6/15,200.75
2011/6/16,199.12
2011/6/17,198.79
2011/6/20,197.85
2011/6/21,199.33
2011/6/22,198.28
2011/6/23,197.72
2011/6/24,197.93
2011/6/27,194.96
2011/6/28,195.32
2011/6/29,196.63
2011/6/30,198.68
2011/7/1,197.86
2011/7/4,200.36
2011/7/5,200.09
2011/7/6,200.83
2011/7/7,201.41
2011/7/8,202.47
2011/7/11,202.02
2011/7/12,201.11
2011/7/13,204.29
2011/7/14,204.23
2011/7/15,203.81
2011/7/18,204.07
2011/7/19,205.76
2011/7/20,205.53
2011/7/21,205.46
2011/7/22,205.95
2011/7/25,204.91
2011/7/26,206.92
2011/7/27,207.58
2011/7/28,206.75
2011/7/29,205.9
2011/8/1,207.89
2011/8/2,206.45
2011/8/3,206.61
2011/8/4,205.43
2011/8/5,200.11
2011/8/8,199.08
2011/8/9,196.56
2011/8/10,198.73
2011/8/11,199.82
2011/8/12,199.77
2011/8/15,200.93
2011/8/16,199.23
2011/8/17,200.67
2011/8/18,200.28
2011/8/19,199.6
2011/8/22,199.33
2011/8/23,200.8
2011/8/24,200.38
2011/8/25,199.66
2011/8/26,199.71
2011/8/29,201.5
2011/8/30,202.38
2011/8/31,203.16
2011/9/1,202.52
2011/9/2,202.08
2011/9/5,200.81
2011/9/6,200.39
2011/9/7,202.05
2011/9/8,201.72
2011/9/9,202.04
2011/9/13,200.06
2011/9/14,197.58
2011/9/15,197.84
2011/9/16,198.29
2011/9/19,193.97
2011/9/20,193.93
2011/9/21,194.38
2011/9/22,189.98
2011/9/23,184.49
2011/9/26,178.34
2011/9/27,182.44
2011/9/28,181.31
2011/9/29,177.41
2011/9/30,181.21
2011/10/10,179.75
2011/10/11,179.48
2011/10/12,181.48
2011/10/13,180.79
2011/10/14,182.46
2011/10/17,181.68
2011/10/18,177.76
2011/10/19,177.64
2011/10/20,172.23
2011/10/21,173.77
2011/10/24,178.32
2011/10/25,179.66
2011/10/26,180.28
2011/10/27,181.72
2011/10/28,182.68
2011/10/31,180.55
2011/11/1,179.88
2011/11/2,181.27
2011/11/3,178.97
2011/11/4,182.57
2011/11/7,180.7
2011/11/8,180.48
2011/11/9,180.74
2011/11/10,175.96
2011/11/11,177.63
2011/11/14,180.91
2011/11/15,179.91
2011/11/16,178.36
2011/11/17,179.48
2011/11/18,177.64
2011/11/21,176.25
2011/11/22,175.4
2011/11/23,174.01
2011/11/24,173.41
2011/11/25,172.1
2011/11/28,174.21
2011/11/29,174.95
2011/11/30,173.61
2011/12/1,178.32
2011/12/2,178.15
2011/12/5,178.37
2011/12/6,177.79
2011/12/7,178.66
2011/12/8,177.86
2011/12/9,177.02
2011/12/12,175.6
2011/12/13,174.61
2011/12/14,174.25
2011/12/15,172.01
2011/12/16,174.11
2011/12/19,173.62
2011/12/20,173.64
2011/12/21,174.29
2011/12/22,174.91
2011/12/23,175.98
2011/12/26,174.85
2011/12/27,174.78
2011/12/28,175.5
2011/12/29,174.21
2011/12/30,174.88
2012/1/4,175.73
2012/1/5,176.91
2012/1/6,176.77
2012/1/9,176.59
2012/1/10,177.77
2012/1/11,178.79
2012/1/12,179.12
2012/1/13,178.69
2012/1/16,178.3
2012/1/17,180.79
2012/1/18,180.51
2012/1/19,181.71
2012/1/20,183.22
2012/1/30,183.16
2012/1/31,183.62
2012/2/1,182.85
2012/2/2,183.72
2012/2/3,184.16
2012/2/6,186.02
2012/2/7,185.01
2012/2/8,187.47
2012/2/9,186.44
2012/2/10,185.7
2012/2/13,185.78
2012/2/14,184.94
2012/2/15,185.09
2012/2/16,182.83
2012/2/17,183.91
2012/2/20,184.15
2012/2/21,185.43
2012/2/22,185.88
2012/2/23,185.9
2012/2/24,185.21
2012/2/27,186.33
2012/2/28,187.63
2012/2/29,187.95
2012/3/1,186.33
2012/3/2,187.85
2012/3/5,187.58
2012/3/6,186.56
2012/3/7,184.82
2012/3/8,185.16
2012/3/9,187.67
2012/3/12,187.27
2012/3/13,188.34
2012/3/14,187.52
2012/3/15,187.44
2012/3/16,187.55
2012/3/19,187.47
2012/3/20,186.58
2012/3/21,186.8
2012/3/22,186.12
2012/3/23,187.15
2012/3/26,187.48
2012/3/27,188.11
2012/3/28,187.5
2012/3/29,186.44
2012/3/30,186.2
2012/4/5,187.7
2012/4/6,188.6
2012/4/9,188.42
2012/4/10,188.62
2012/4/11,186.62
2012/4/12,187.18
2012/4/13,187.12
2012/4/16,185.47
2012/4/17,185.21
2012/4/18,186.32
2012/4/19,186.4
2012/4/20,186.26
2012/4/23,185.86
2012/4/24,185.36
2012/4/25,185.56
2012/4/26,186.12
2012/4/27,186.28
2012/5/2,186.16
2012/5/3,185.06
2012/5/4,185.23
2012/5/7,183.61
2012/5/8,183.72
2012/5/9,182.19
2012/5/10,182.75
2012/5/11,180.31
2012/5/14,177.66
2012/5/15,177.08
2012/5/16,174.22
2012/5/17,176.14
2012/5/18,175.19
2012/5/21,177.03
2012/5/22,176.6
2012/5/23,173.78
2012/5/24,174.38
2012/5/25,174.54
2012/5/28,175.62
2012/5/29,176.23
2012/5/30,174.93
2012/5/31,174.12
2012/6/1,172.9
2012/6/4,169.39
2012/6/5,171.23
2012/6/6,171.7
2012/6/7,172.15
2012/6/8,171.02
2012/6/11,173.65
2012/6/12,172.28
2012/6/13,172.39
2012/6/14,171.6
2012/6/15,173.23
2012/6/18,173.88
2012/6/19,174.04
2012/6/20,175.24
2012/6/21,173.12
2012/6/25,173.3
2012/6/26,172.64
2012/6/27,172.37
2012/6/28,172.86
2012/6/29,174.26
2012/7/2,175.02
2012/7/3,176.97
2012/7/4,177.44
2012/7/5,178.14
2012/7/6,177.42
2012/7/9,177.84
2012/7/10,176.88
2012/7/11,176.43
2012/7/12,175.75
2012/7/13,177.47
2012/7/16,179.23
2012/7/17,177.77
2012/7/18,177.36
2012/7/19,178.31
2012/7/20,177.65
2012/7/23,174.65
2012/7/24,173.11
2012/7/25,171.67
2012/7/26,172.44
2012/7/27,173.9
2012/7/30,174.29
2012/7/31,175
2012/8/1,174.64
2012/8/2,174.07
2012/8/3,173.48
2012/8/6,174.26
2012/8/7,175.07
2012/8/8,174.11
2012/8/9,175.56
2012/8/10,174.99
2012/8/13,174.27
2012/8/14,174.08
2012/8/15,174.66
2012/8/16,174.02
2012/8/17,174.59
2012/8/20,174.61
2012/8/21,175.52
2012/8/22,176.15
2012/8/23,177.13
2012/8/24,177
2012/8/27,178.04
2012/8/28,176.64
2012/8/29,176.42
2012/8/30,177.39
2012/8/31,176.47
2012/9/3,178.58
2012/9/4,178.23
2012/9/5,177.19
2012/9/6,177.25
2012/9/7,177.56
2012/9/10,180.21
2012/9/11,179.99
2012/9/12,180.28
2012/9/13,179.81
2012/9/14,183.5
2012/9/17,181.9
2012/9/18,180.99
2012/9/19,182.31
2012/9/20,180.35
2012/9/21,180.3
2012/9/24,178.45
2012/9/25,178.68
2012/9/26,178.04
2012/9/27,177.8
2012/9/28,179.24
2012/10/8,177.26
2012/10/9,178.86
2012/10/10,178.41
2012/10/11,178
2012/10/12,177.49
2012/10/15,176.23
2012/10/16,177.14
2012/10/17,177.24
2012/10/18,179.04
2012/10/19,177.25
2012/10/22,177.39
2012/10/23,175.82
2012/10/24,176.68
2012/10/25,176.44
2012/10/26,175.19
2012/10/29,174.16
2012/10/30,174.05
2012/10/31,174.78
2012/11/1,175.78
2012/11/2,174.64
2012/11/5,172.74
2012/11/6,173.53
2012/11/7,174.02
2012/11/8,172.96
2012/11/9,172.8
2012/11/12,171.32
2012/11/13,171.1
2012/11/14,172.12
2012/11/15,171.78
2012/11/16,171.38
2012/11/19,172.06
2012/11/20,172.2
2012/11/21,172.17
2012/11/22,172.3
2012/11/23,172.81
2012/11/26,173.13
2012/11/27,172.65
2012/11/28,172.41
2012/11/29,172.35
2012/11/30,173.5
2012/12/3,174.51
2012/12/4,174
2012/12/5,174.89
2012/12/6,174.57
2012/12/7,175.16
2012/12/10,175.97
2012/12/11,175.43
2012/12/12,175.53
2012/12/13,175.07
2012/12/14,176.45
2012/12/17,177.61
2012/12/18,177.31
2012/12/19,176.65
2012/12/20,175.37
2012/12/21,175.3
2012/12/24,175.47
2012/12/25,175.59
2012/12/26,175.93
2012/12/27,176.89
2012/12/28,177.1
2012/12/31,177.33
2013/1/4,178.09
2013/1/7,178.14
2013/1/8,178.2
2013/1/9,177.73
2013/1/10,177.92
2013/1/11,176.66
2013/1/14,177.64
2013/1/15,176.9
2013/1/16,177.47
2013/1/17,177.12
2013/1/18,178.6
2013/1/21,178.24
2013/1/22,178.95
2013/1/23,179.14
2013/1/24,177.86
2013/1/25,178.37
2013/1/28,178.45
2013/1/29,178.92
2013/1/30,180.03
2013/1/31,180.95
2013/2/1,181.28
2013/2/4,181.99
2013/2/5,181.58
2013/2/6,181.55
2013/2/7,180.86
2013/2/8,180.88
2013/2/18,178.83
2013/2/19,179.31
2013/2/20,179.51
2013/2/21,177.56
2013/2/22,177.94
2013/2/25,176.23
2013/2/26,174.82
2013/2/27,175.64
2013/2/28,176.15
2013/3/1,175
2013/3/4,174.19
2013/3/5,175.25
2013/3/6,174.98
2013/3/7,174.22
2013/3/8,174.91
2013/3/11,174.12
2013/3/12,173.25
2013/3/13,173.23
2013/3/14,172.13
2013/3/15,173.42
2013/3/18,171.03
2013/3/19,171.42
2013/3/20,172.49
2013/3/21,173.16
2013/3/22,172.6
2013/3/25,172.74
2013/3/26,172.35
2013/3/27,172.4
2013/3/28,171.27
2013/3/29,170.3
2013/4/1,168.42
2013/4/2,169.43
2013/4/3,168.35
2013/4/8,169.27
2013/4/9,169.67
2013/4/10,170.33
2013/4/11,168.71
2013/4/12,168.93
2013/4/15,165.75
2013/4/16,164.54
2013/4/17,163.88
2013/4/18,162.41
2013/4/19,162.82
2013/4/22,160.14
2013/4/23,160.19
2013/4/24,161.05
2013/4/25,161.72
2013/4/26,162.18
2013/5/2,160.32
2013/5/3,161.9
2013/5/6,163.74
2013/5/7,163.09
2013/5/8,164.49
2013/5/9,164.06
2013/5/10,165.23
2013/5/13,164.51
2013/5/14,163.99
2013/5/15,162.34
2013/5/16,162.43
2013/5/17,163.7
2013/5/20,163.33
2013/5/21,164.11
2013/5/22,164.56
2013/5/23,162.79
2013/5/24,163.46
2013/5/27,163.38
2013/5/28,163.53
2013/5/29,163
2013/5/30,163.34
2013/5/31,163.73
2013/6/3,164.78
2013/6/4,164.37
2013/6/5,164.86
2013/6/6,163.42
2013/6/7,164.07
2013/6/13,162.4
2013/6/14,162.41
2013/6/17,162.82
2013/6/18,162.56
2013/6/19,162.75
2013/6/20,160.96
2013/6/21,159.5
2013/6/24,157.47
2013/6/25,158.63
2013/6/26,157.38
2013/6/27,157.83
2013/6/28,157.25
2013/7/1,158.46
2013/7/2,159.38
2013/7/3,159.66
2013/7/4,159.31
2013/7/5,158.69
2013/7/8,157.33
2013/7/9,158.37
2013/7/10,158.44
2013/7/11,160.57
2013/7/12,159.65
2013/7/15,159
2013/7/16,159.5
2013/7/17,159.76
2013/7/18,159.84
2013/7/19,159.51
2013/7/22,160.32
2013/7/23,160.52
2013/7/24,160.56
2013/7/25,159.77
2013/7/26,157.96
2013/7/29,156.74
2013/7/30,156.7
2013/7/31,157.48
2013/8/1,158.08
2013/8/2,157.88
2013/8/5,158.27
2013/8/6,158.4
2013/8/7,157.54
2013/8/8,158.7
2013/8/9,159.22
2013/8/12,161.45
2013/8/13,162.45
2013/8/14,161.46
2013/8/15,161.99
2013/8/16,163.71
2013/8/19,163.9
2013/8/20,162.73
2013/8/21,163.09
2013/8/22,163.18
2013/8/23,163.52
2013/8/26,166.27
2013/8/27,166.64
2013/8/28,165.45
2013/8/29,164.46
2013/8/30,163.72
2013/9/2,165.79
2013/9/3,165.29
2013/9/4,164.5
2013/9/5,163.73
2013/9/6,164.97
2013/9/9,165.3
2013/9/10,163.96
2013/9/11,164.36
2013/9/12,163.46
2013/9/13,163.53
2013/9/16,162.22
2013/9/17,162.5
2013/9/18,162.37
2013/9/23,162.33
2013/9/24,162.33
2013/9/25,162.27
2013/9/26,162.6
2013/9/27,162.17
2013/9/30,162.36
2013/10/8,163.24
2013/10/9,162.83
2013/10/10,162.74
2013/10/11,162.92
2013/10/14,163.68
2013/10/15,163.38
2013/10/16,163.07
2013/10/17,162.6
2013/10/18,163.31
2013/10/21,163.97
2013/10/22,163.14
2013/10/23,163.33
2013/10/24,163.29
2013/10/25,161.46
2013/10/28,161.7
2013/10/29,161.65
2013/10/30,162.62
2013/10/31,162.13
2013/11/1,162.6
2013/11/4,162.29
2013/11/5,161.93
2013/11/6,161.61
2013/11/7,161.89
2013/11/8,161.49
2013/11/11,161.62
2013/11/12,161.74
2013/11/13,161.19
2013/11/14,161.32
2013/11/15,160.83
2013/11/18,160.6
2013/11/19,160.08
2013/11/20,160.67
2013/11/21,160.75
2013/11/22,161.13
2013/11/25,160.85
2013/11/26,161.16
2013/11/27,161.57
2013/11/28,161.45
2013/11/29,161.91
2013/12/2,162.21
2013/12/3,161.42
2013/12/4,161.99
2013/12/5,161.88
2013/12/6,162.03
2013/12/9,162.43
2013/12/10,162.54
2013/12/11,162.46
2013/12/12,162.48
2013/12/13,160.8
2013/12/16,160.72
2013/12/17,160.93
2013/12/18,160.42
2013/12/19,160.07
2013/12/20,160.07
2013/12/23,159.28
2013/12/24,158.87
2013/12/25,159.53
2013/12/26,159.39
2013/12/27,160.07
2013/12/30,159.3
2013/12/31,159.11
2014/1/2,159.18
2014/1/3,157.66
2014/1/6,156.78
2014/1/7,155.74
2014/1/8,155.6
2014/1/9,155.14
2014/1/10,155.26
2014/1/13,155.02
2014/1/14,156.35
2014/1/15,155.92
2014/1/16,156.1
2014/1/17,155.88
2014/1/20,156.12
2014/1/21,155.44
2014/1/22,155.11
2014/1/23,155.42
2014/1/24,155.39
2014/1/27,154.82
2014/1/28,153.29
2014/1/29,153.55
2014/1/30,153.35
2014/2/7,154.72
2014/2/10,155.57
2014/2/11,154.45
2014/2/12,155.21
2014/2/13,154.73
2014/2/14,155.35
2014/2/17,156.54
2014/2/18,155.84
2014/2/19,156.2
2014/2/20,155.53
2014/2/21,155.47
2014/2/24,154.49
2014/2/25,153.96
2014/2/26,154.2
2014/2/27,153.65
2014/2/28,153.23
2014/3/3,153.52
2014/3/4,153.31
2014/3/5,154.54
2014/3/6,154.31
2014/3/7,154.32
2014/3/10,151.41
2014/3/11,152.32
2014/3/12,151.36
2014/3/13,151.39
2014/3/14,150.4
2014/3/17,149.57
2014/3/18,149.7
2014/3/19,149.91
2014/3/20,149.68
2014/3/21,149.37
2014/3/24,149.86
2014/3/25,150.82
2014/3/26,150.97
2014/3/27,150.83
2014/3/28,151.83
2014/3/31,152.02
2014/4/1,152.65
2014/4/2,152.67
2014/4/3,152.2
2014/4/4,153.15
2014/4/8,153.36
2014/4/9,152.82
2014/4/10,152.68
2014/4/11,152.35
2014/4/14,152.7
2014/4/15,152.48
2014/4/16,152.76
2014/4/17,152.84
2014/4/18,151.93
2014/4/21,151.14
2014/4/22,151.51
2014/4/23,151.44
2014/4/24,151.81
2014/4/25,152.28
2014/4/28,152.89
2014/4/29,152.7
2014/4/30,152.58
2014/5/5,152.18
2014/5/6,151.6
2014/5/7,151.37
2014/5/8,150.94
2014/5/9,151.43
2014/5/12,152.31
2014/5/13,152.53
2014/5/14,153.21
2014/5/15,153.08
2014/5/16,152.07
2014/5/19,153.12
2014/5/20,152.96
2014/5/21,151.97
2014/5/22,153
2014/5/23,153.36
2014/5/26,154.09
2014/5/27,153.16
2014/5/28,153.16
2014/5/29,152.71
2014/5/30,152.3
2014/6/3,151.8
2014/6/4,151.4
2014/6/5,151.59
2014/6/6,151.28
2014/6/9,151.13
2014/6/10,151.01
2014/6/11,151.17
2014/6/12,150.69
2014/6/13,151.18
2014/6/16,151.79
2014/6/17,151.44
2014/6/18,151.42
2014/6/19,151.43
2014/6/20,152.82
2014/6/23,153.79
2014/6/24,153.51
2014/6/25,153.85
2014/6/26,154.49
2014/6/27,154.47
2014/6/30,153.49
2014/7/1,152.52
2014/7/2,152.75
2014/7/3,152.9
2014/7/4,152.67
2014/7/7,151.09
2014/7/8,151.91
2014/7/9,150.75
2014/7/10,150.19
2014/7/11,150.27
2014/7/14,149.94
2014/7/15,149.65
2014/7/16,150.01
2014/7/17,149.87
2014/7/18,149.34
2014/7/21,148.89
2014/7/22,149.64
2014/7/23,149.07
2014/7/24,149.45
2014/7/25,149.78
2014/7/28,150.16
2014/7/29,151.2
2014/7/30,150.36
2014/7/31,150.28
2014/8/1,149.47
2014/8/4,150.06
2014/8/5,150.02
2014/8/6,149.26
2014/8/7,149.8
2014/8/8,149.76
2014/8/11,149.43
2014/8/12,148.53
2014/8/13,147.89
2014/8/14,146.34
2014/8/15,146.3
2014/8/18,146.18
2014/8/19,146.47
2014/8/20,146.29
2014/8/21,146.58
2014/8/22,146.92
2014/8/25,146.72
2014/8/26,146.74
2014/8/27,146.5
2014/8/28,145.95
2014/8/29,145.25
2014/9/1,144.71
2014/9/2,145.68
2014/9/3,144.95
2014/9/4,144.58
2014/9/5,144.18
2014/9/9,142.87
2014/9/10,141.94
2014/9/11,141.06
2014/9/12,142.09
2014/9/15,142.28
2014/9/16,142.14
2014/9/17,143
2014/9/18,142.21
2014/9/19,140.7
2014/9/22,137.73
2014/9/23,138.53
2014/9/24,138.39
2014/9/25,138.42
2014/9/26,138.82
2014/9/29,137.95
2014/9/30,138.56
2014/10/8,138.41
2014/10/9,139.16
2014/10/10,137.41
2014/10/13,138.43
2014/10/14,139.45
2014/10/15,139.15
2014/10/16,138.21
2014/10/17,137.53
2014/10/20,137.62
2014/10/21,137.51
2014/10/22,138.32
2014/10/23,138.62
2014/10/24,139.38
2014/10/27,138.46
2014/10/28,138.84
2014/10/29,139.88
2014/10/30,139.89
2014/10/31,140.04
2014/11/3,138.74
2014/11/4,138.13
2014/11/5,135.89
2014/11/6,136.56
2014/11/7,137.74
2014/11/10,138.52
2014/11/11,137.63
2014/11/12,138.98
2014/11/13,138.95
2014/11/14,137.99
2014/11/17,138.36
2014/11/18,137.68
2014/11/19,137.25
2014/11/20,137.15
2014/11/21,137.19
2014/11/24,136.99
2014/11/25,137.52
2014/11/26,136.96
2014/11/27,137.54
2014/11/28,136.56
2014/12/1,133.79
2014/12/2,134.95
2014/12/3,134.79
2014/12/4,135.25
2014/12/5,135.58
2014/12/8,134.9
2014/12/9,134.83
2014/12/10,135.98
2014/12/11,135.09
2014/12/12,135.6
2014/12/15,136.03
2014/12/16,134.5
2014/12/17,133.43
2014/12/18,133.11
2014/12/19,133.59
2014/12/22,133.17
2014/12/23,132.09
2014/12/24,132.61
2014/12/25,132.83
2014/12/26,132.73
2014/12/29,133.58
2014/12/30,134.45
2014/12/31,134.62
2015/1/5,133.37
2015/1/6,134.46
2015/1/7,134.12
2015/1/8,134.09
2015/1/9,133.36
2015/1/12,132.48
2015/1/13,131.29
2015/1/14,129.69
2015/1/15,130.31
2015/1/16,130.11
2015/1/19,130.99
2015/1/20,130.3
2015/1/21,130.59
2015/1/22,130.7
2015/1/23,130.59
2015/1/26,129.31
2015/1/27,129.86
2015/1/28,130.05
2015/1/29,129.52
2015/1/30,128.62
2015/2/2,129.47
2015/2/3,130.56
2015/2/4,130.62
2015/2/5,130.71
2015/2/6,131.84
2015/2/9,131.5
2015/2/10,131.41
2015/2/11,131.24
2015/2/12,131
2015/2/13,132.85
2015/2/16,133.31
2015/2/17,133.16
2015/2/25,132.42
2015/2/26,133.54
2015/2/27,133.99
2015/3/2,135.11
2015/3/3,134.26
2015/3/4,134.23
2015/3/5,133.02
2015/3/6,132.41
2015/3/9,132.23
2015/3/10,131.59
2015/3/11,131.78
2015/3/12,132.76
2015/3/13,132.35
2015/3/16,131.88
2015/3/17,131.32
2015/3/18,130.19
2015/3/19,131.1
2015/3/20,131.14
2015/3/23,132.91
2015/3/24,133.65
2015/3/25,132.63
2015/3/26,133.21
2015/3/27,132.32
2015/3/30,131.51
2015/3/31,131.08
2015/4/1,131.08
2015/4/2,131.6
2015/4/3,131.25
2015/4/7,131.59
2015/4/8,131.52
2015/4/9,129.89
2015/4/10,129.6
2015/4/13,130.73
2015/4/14,130.37
2015/4/15,130.63
2015/4/16,131.4
2015/4/17,131.38
2015/4/20,131.71
2015/4/21,131.68
2015/4/22,132.18
2015/4/23,132.01
2015/4/24,133.07
2015/4/27,134.46
2015/4/28,134.62
2015/4/29,133.62
2015/4/30,134.64
2015/5/4,135.74
2015/5/5,136.46
2015/5/6,137.47
2015/5/7,136.15
2015/5/8,135.46
2015/5/11,135.73
2015/5/12,134.41
2015/5/13,134.98
2015/5/14,134.47
2015/5/15,134.82
2015/5/18,134.76
2015/5/19,133.64
2015/5/20,131.68
2015/5/21,132.23
2015/5/22,132.73
2015/5/25,131.9
2015/5/26,132.11
2015/5/27,132.17
2015/5/28,132.51
2015/5/29,133.01
2015/6/1,133.05
2015/6/2,133.57
2015/6/3,133.03
2015/6/4,132.9
2015/6/5,132.03
2015/6/8,131.8
2015/6/9,131.85
2015/6/10,132.52
2015/6/11,132.56
2015/6/12,130.37
2015/6/15,129.79
2015/6/16,129.87
2015/6/17,129.29
2015/6/18,129.39
2015/6/19,129.49
2015/6/23,129.91
2015/6/24,130.17
2015/6/25,129.35
2015/6/26,129.49
2015/6/29,129.17
2015/6/30,127.94
2015/7/1,128.99
2015/7/2,128.85
2015/7/3,129.31
2015/7/6,126.75
2015/7/7,125.28
2015/7/8,122.49
2015/7/9,124.47
2015/7/10,125.18
2015/7/13,124.44
2015/7/14,125.3
2015/7/15,125.08
2015/7/16,124.88
2015/7/17,124.48
2015/7/20,124.63
2015/7/21,124.54
2015/7/22,123.76
2015/7/23,123.53
2015/7/24,122.22
2015/7/27,121.52
2015/7/28,121.81
2015/7/29,122.64
2015/7/30,122.02
2015/7/31,122.26
2015/8/3,120.87
2015/8/4,121.27
2015/8/5,121.7
2015/8/6,121.19
2015/8/7,121.35
2015/8/10,121.79
2015/8/11,121.88
2015/8/12,123.67
2015/8/13,124
2015/8/14,123.47
2015/8/17,122.98
2015/8/18,122.03
2015/8/19,121.89
2015/8/20,121.17
2015/8/21,121.15
2015/8/24,117.96
2015/8/25,117.98
2015/8/26,118.13
2015/8/27,119.18
2015/8/28,120.22
2015/8/31,119.29
2015/9/1,119.39
2015/9/7,118.76
2015/9/8,119.65
2015/9/9,120.56
2015/9/10,121.22
2015/9/11,121.11
2015/9/14,120.67
2015/9/15,119.92
2015/9/16,120.99
2015/9/17,120.9
2015/9/18,120.49
2015/9/21,120.34
2015/9/22,119.69
2015/9/23,119.37
2015/9/24,119.47
2015/9/25,119.77
2015/9/28,119.21
2015/9/29,118.34
2015/9/30,118.65
2015/10/8,119.31
2015/10/9,120.66
2015/10/12,120.65
2015/10/13,120.24
2015/10/14,120.02
2015/10/15,120.21
2015/10/16,119.88
2015/10/19,119.21
2015/10/20,119
2015/10/21,118.33
2015/10/22,118.97
2015/10/23,118.88
2015/10/26,118.14
2015/10/27,118.29
2015/10/28,117.79
2015/10/29,117.54
2015/10/30,116.91
2015/11/2,117.2
2015/11/3,116.58
2015/11/4,117.11
2015/11/5,116.31
2015/11/6,116.29
2015/11/9,116.18
2015/11/10,115.71
2015/11/11,115.17
2015/11/12,115.36
2015/11/13,114.68
2015/11/16,113.98
2015/11/17,113.56
2015/11/18,113.04
2015/11/19,111.86
2015/11/20,112.12
2015/11/23,110.79
2015/11/24,112.15
2015/11/25,112.99
2015/11/26,113.7
2015/11/27,113.38
2015/11/30,112.54
2015/12/1,113.11
2015/12/2,113.39
2015/12/3,112.41
2015/12/4,112.65
2015/12/7,113.71
2015/12/8,112.19
2015/12/9,112.22
2015/12/10,111.97
2015/12/11,113.03
2015/12/14,113.3
2015/12/15,112.76
2015/12/16,112.99
2015/12/17,112.66
2015/12/18,113.51
2015/12/21,114.98
2015/12/22,114.92
2015/12/23,114.3
2015/12/24,114.21
2015/12/25,114.17
2015/12/28,113.16
2015/12/29,114.44
2015/12/30,115.02
2015/12/31,115
2016/1/4,114
2016/1/5,114.01
2016/1/6,113.57
2016/1/7,113.69
2016/1/8,113.42
2016/1/11,112.63
2016/1/12,111.69
2016/1/13,111.84
2016/1/14,112.44
2016/1/15,112.21
2016/1/18,113.46
2016/1/19,114.27
2016/1/20,113.45
2016/1/21,113.23
2016/1/22,114.08
2016/1/25,114.09
2016/1/26,113.95
2016/1/27,114.89
2016/1/28,114.14
2016/1/29,114.02
2016/2/1,114.16
2016/2/2,114.4
2016/2/3,114.6
2016/2/4,115.68
2016/2/5,115.3
2016/2/15,115.71
2016/2/16,115.52
2016/2/17,115.11
2016/2/18,115.6
2016/2/19,116.41
2016/2/22,117.39
2016/2/23,116.78
2016/2/24,116.49
2016/2/25,116.43
2016/2/26,116.32
2016/2/29,116.41
2016/3/1,117.02
2016/3/2,117.71
2016/3/3,117.88
2016/3/4,119.16
2016/3/7,120.65
2016/3/8,121.03
2016/3/9,120.53
2016/3/10,120.25
2016/3/11,120.44
2016/3/14,120.19
2016/3/15,119.58
2016/3/16,120.14
2016/3/17,121.88
2016/3/18,123.08
2016/3/21,122.94
2016/3/22,122.84
2016/3/23,122.46
2016/3/24,121.08
2016/3/25,122.76
2016/3/28,121.78
2016/3/29,121.44
2016/3/30,121.43
2016/3/31,120.33
2016/4/1,121.28
2016/4/5,122.32
2016/4/6,121.93
2016/4/7,122.23
2016/4/8,121.88
2016/4/11,123.25
2016/4/12,124.55
2016/4/13,125.81
2016/4/14,126.22
2016/4/15,125.31
2016/4/18,126.7
2016/4/19,127.7
2016/4/20,130.03
2016/4/21,133.42
2016/4/22,131.05
2016/4/25,132.96
2016/4/26,131.78
2016/4/27,131.22
2016/4/28,130.44
2016/4/29,131.6
2016/5/3,130.65
2016/5/4,129.44
2016/5/5,127.81
2016/5/6,126.56
2016/5/9,124.58
2016/5/10,124.76
2016/5/11,125.92
2016/5/12,125.83
2016/5/13,123.91
2016/5/16,124.32
2016/5/17,125.93
2016/5/18,124.67
2016/5/19,124.52
2016/5/20,124.7
2016/5/23,122.44
2016/5/24,121.59
2016/5/25,121.7
2016/5/26,123.64
2016/5/27,123.78
2016/5/30,124.75
2016/5/31,124.56
2016/6/1,123.94
2016/6/2,124.95
2016/6/3,125.85
2016/6/6,127.3
2016/6/7,127.2
2016/6/8,127.07
2016/6/13,128.48
2016/6/14,126.84
2016/6/15,126.85
2016/6/16,126.72
2016/6/17,127.41
2016/6/20,128.09
2016/6/21,128.17
2016/6/22,128.11
2016/6/23,127.92
2016/6/24,127.44
2016/6/27,131.16
2016/6/28,131.94
2016/6/29,131.81
2016/6/30,133.55
2016/7/1,133.94
2016/7/4,136.57
2016/7/5,134.87
2016/7/6,133.15
2016/7/7,131.73
2016/7/8,130.98
2016/7/11,132.22
2016/7/12,134.4
2016/7/13,135.39
2016/7/14,135.78
2016/7/15,135.39
2016/7/18,133.09
2016/7/19,133.1
2016/7/20,132.3
2016/7/21,134.16
2016/7/22,132.73
2016/7/25,133.41
2016/7/26,133.47
2016/7/27,133.66
2016/7/28,134.44
2016/7/29,133.08
2016/8/1,135.02
2016/8/2,134.81
2016/8/3,135.13
2016/8/4,134.66
2016/8/5,135.84
2016/8/8,136.56
2016/8/9,136.52
2016/8/10,136.89
2016/8/11,136.43
2016/8/12,136.66
2016/8/15,136.5
2016/8/16,136.94
2016/8/17,136.6
2016/8/18,136.92
2016/8/19,136.42
2016/8/22,135.72
2016/8/23,136.01
2016/8/24,135.78
2016/8/25,135.42
2016/8/26,134.76
2016/8/29,134.38
2016/8/30,133.92
2016/8/31,132.9
2016/9/1,133.74
2016/9/2,134.2
2016/9/5,134.75
2016/9/6,135.6
2016/9/7,134.48
2016/9/8,134.97
2016/9/9,134.87
2016/9/12,132.98
2016/9/13,132.92
2016/9/14,132.56
2016/9/19,133.99
2016/9/20,135.3
2016/9/21,135.52
2016/9/22,135.62
2016/9/23,136.09
2016/9/26,136.23
2016/9/27,135.87
2016/9/28,135.75
2016/9/29,136.51
2016/9/30,136.62
2016/10/10,137.47
2016/10/11,138.45
2016/10/12,138.45
2016/10/13,138.22
2016/10/14,139.36
2016/10/17,140.96
2016/10/18,141.67
2016/10/19,141.64
2016/10/20,142.52
2016/10/21,142.39
2016/10/24,144.17
2016/10/25,144.9
2016/10/26,145
2016/10/27,144.59
2016/10/28,146.65
2016/10/31,147.29
2016/11/1,147.41
2016/11/2,146.47
2016/11/3,147.65
2016/11/4,147.73
2016/11/7,150.68
2016/11/8,150.64
2016/11/9,153.73
2016/11/10,155.71
2016/11/11,158.9
2016/11/14,156.06
2016/11/15,153.35
2016/11/16,155.21
2016/11/17,154.73
2016/11/18,153.43
2016/11/21,155.21
2016/11/22,159.17
2016/11/23,159.61
2016/11/24,160.73
2016/11/25,161.92
2016/11/28,164.99
2016/11/29,160.8
2016/11/30,158.32
2016/12/1,160.67
2016/12/2,159.41
2016/12/5,161.2
2016/12/6,161.28
2016/12/7,164.23
2016/12/8,163.35
2016/12/9,162.84
2016/12/12,163.65
2016/12/13,164.52
2016/12/14,162.9
2016/12/15,163.24
2016/12/16,161.68
2016/12/19,159.64
2016/12/20,157.92
2016/12/21,158.22
2016/12/22,155.06
2016/12/23,155.22
2016/12/26,152.95
2016/12/27,154.98
2016/12/28,155.43
2016/12/29,155.68
2016/12/30,154.23
2017/1/3,153.14
2017/1/4,153.75
2017/1/5,153.87
2017/1/6,152.8
2017/1/9,155.56
2017/1/10,157.14
2017/1/11,158.5
2017/1/12,158.91
2017/1/13,159.42
2017/1/16,162.76
2017/1/17,160.46
2017/1/18,160.81
2017/1/19,160.72
2017/1/20,158.5
2017/1/23,159.46
2017/1/24,161.2
2017/1/25,161.02
2017/1/26,162.13
2017/2/3,159.45
2017/2/6,159.84
2017/2/7,160.75
2017/2/8,162.21
2017/2/9,161.62
2017/2/10,163.57
2017/2/13,166.58
2017/2/14,166.42
2017/2/15,164.19
2017/2/16,163.33
2017/2/17,163.19
2017/2/20,164.31
2017/2/21,164.68
2017/2/22,163.66
2017/2/23,161.84
2017/2/24,162.1
2017/2/27,163.12
2017/2/28,161.86
2017/3/1,163.45
2017/3/2,163.8
2017/3/3,163.45
2017/3/6,162.56
2017/3/7,162.06
2017/3/8,159.55
2017/3/9,158.17
2017/3/10,157.29
2017/3/13,159.52
2017/3/14,158.61
2017/3/15,160.33
2017/3/16,161.11
2017/3/17,160.43
2017/3/20,160.96
2017/3/21,158.89
2017/3/22,156.93
2017/3/23,157.05
2017/3/24,156.54
2017/3/27,154.15
2017/3/28,154.14
2017/3/29,156.05
2017/3/30,154.91
2017/3/31,154.74
2017/4/5,156.21
2017/4/6,156.15
2017/4/7,153.48
2017/4/10,153.38
2017/4/11,152.51
2017/4/12,150.94
2017/4/13,151.95
2017/4/14,151.31
2017/4/17,151.47
2017/4/18,149.82
2017/4/19,149.58
2017/4/20,150.39
2017/4/21,150.97
2017/4/24,150.31
